"2416475545","5dd1bbc5eab0422259102ab9","RandCHeuristicCounte","Windows - Firefox 67.0 67 Netscape Mozilla/5.0 (Windows NT 10.0; Win64; x64; rv:67.0) Gecko/20100101 Firefox/67.0","1","2020-01-09 15:55:23"
"9940496753","5e162e31398bb6c0ab5c2428","RandCHeuristicCounte","MacOS - Safari 13.0.4 13 Netscape Mozilla/5.0 (Macintosh; Intel Mac OS X 10_15) AppleWebKit/605.1.15 (KHTML, like Gecko) Version/13.0.4 Safari/605.1.15","1","2020-01-09 15:56:42"
"1653285084","5e132347375134000b3d1236","RandCHeuristicCounte","MacOS - Chrome 79.0.3945.88 79 Netscape Mozilla/5.0 (Macintosh; Intel Mac OS X 10_13_6) AppleWebKit/537.36 (KHTML, like Gecko) Chrome/79.0.3945.88 Safari/537.36","1","2020-01-09 15:57:37"
"7713681446","5dcc75043e78ea90f63ecabb","RandCHeuristicCounte","Windows - Chrome 79.0.3945.88 79 Netscape Mozilla/5.0 (Windows NT 6.3; Win64; x64) AppleWebKit/537.36 (KHTML, like Gecko) Chrome/79.0.3945.88 Safari/537.36","1.01","2020-01-09 15:58:36"
"1903113878","55f19d774779250012dd3644","RandCHeuristicCounte","Windows - Chrome 79.0.3945.88 79 Netscape Mozilla/5.0 (Windows NT 10.0; Win64; x64) AppleWebKit/537.36 (KHTML, like Gecko) Chrome/79.0.3945.88 Safari/537.36","1","2020-01-09 15:58:48"
"1592730669","5e16e27211d879ca7f1eccb8","RandCHeuristicCounte","MacOS - Safari 12.1.2 12 Netscape Mozilla/5.0 (iPhone; CPU iPhone OS 12_4_3 like Mac OS X) AppleWebKit/605.1.15 (KHTML, like Gecko) Version/12.1.2 Mobile/15E148 Safari/604.1","1","2020-01-09 15:59:57"
"7336026989","57d3d0b994cb1b0001605d30","RandCHeuristicCounte","Windows - Chrome 79.0.3945.88 79 Netscape Mozilla/5.0 (Windows NT 10.0; Win64; x64) AppleWebKit/537.36 (KHTML, like Gecko) Chrome/79.0.3945.88 Safari/537.36","1","2020-01-09 16:01:46"
"1601562752","59cfe8f223b3e500018f51c1","RandCHeuristicCounte","Windows - Chrome 79.0.3945.88 79 Netscape Mozilla/5.0 (Windows NT 10.0; Win64; x64) AppleWebKit/537.36 (KHTML, like Gecko) Chrome/79.0.3945.88 Safari/537.36","1.01","2020-01-09 16:02:57"
"5462758803","5cf3c41f83416100157ce12e","RandCHeuristicCounte","Windows - Chrome 79.0.3945.117 79 Netscape Mozilla/5.0 (Windows NT 6.1; Win64; x64) AppleWebKit/537.36 (KHTML, like Gecko) Chrome/79.0.3945.117 Safari/537.36","1","2020-01-09 16:03:39"
"3567940640","5c85883136f2450001c86ba9","RandCHeuristicCounte","Windows - Firefox 72.0 72 Netscape Mozilla/5.0 (Windows NT 6.1; Win64; x64; rv:72.0) Gecko/20100101 Firefox/72.0","1","2020-01-09 16:03:41"
"181115854","5c23eca18d5d180001beec1f","RandCHeuristicCounte","MacOS - Chrome 79.0.3945.79 79 Netscape Mozilla/5.0 (Macintosh; Intel Mac OS X 10_15_2) AppleWebKit/537.36 (KHTML, like Gecko) Chrome/79.0.3945.79 Safari/537.36","1","2020-01-09 16:04:08"
"4891453072","56fef40d04254b0009008b6e","RandCHeuristicCounte","Windows - Chrome 79.0.3945.88 79 Netscape Mozilla/5.0 (Windows NT 10.0; Win64; x64) AppleWebKit/537.36 (KHTML, like Gecko) Chrome/79.0.3945.88 Safari/537.36","1","2020-01-09 16:04:16"
"2757286658","5cb61b48d3dc7d0015066d36","RandCHeuristicCounte","Windows - Chrome 78.0.3904.108 78 Netscape Mozilla/5.0 (Windows NT 10.0; Win64; x64) AppleWebKit/537.36 (KHTML, like Gecko) Chrome/78.0.3904.108 Safari/537.36 OPR/65.0.3467.78","1","2020-01-09 16:04:31"
"7102624807","5bad6504f588f200012bab65","RandCHeuristicCounte","Windows - Chrome 79.0.3945.88 79 Netscape Mozilla/5.0 (Windows NT 10.0; Win64; x64) AppleWebKit/537.36 (KHTML, like Gecko) Chrome/79.0.3945.88 Safari/537.36","1","2020-01-09 16:05:20"
"2728899491","590feda04196c20001df3eb0","RandCHeuristicCounte","Windows - Chrome 79.0.3945.88 79 Netscape Mozilla/5.0 (Windows NT 10.0; Win64; x64) AppleWebKit/537.36 (KHTML, like Gecko) Chrome/79.0.3945.88 Safari/537.36","1","2020-01-09 16:06:30"
"9997019496","5ba7f8f5351c52000158a55b","RandCHeuristicCounte","Windows - Chrome 78.0.3904.108 78 Netscape Mozilla/5.0 (Windows NT 10.0; Win64; x64) AppleWebKit/537.36 (KHTML, like Gecko) Chrome/78.0.3904.108 Safari/537.36","1","2020-01-09 16:08:09"
"9327136957","5dcc32a178cda08be0bf29f8","RandCHeuristicCounte","Windows - Firefox 72.0 72 Netscape Mozilla/5.0 (Windows NT 10.0; Win64; x64; rv:72.0) Gecko/20100101 Firefox/72.0","1.01","2020-01-09 17:47:53"
"8147885175","582879857e8aef000152fba4","RandCHeuristicCounte","Windows - Chrome 79.0.3945.88 79 Netscape Mozilla/5.0 (Windows NT 10.0; Win64; x64) AppleWebKit/537.36 (KHTML, like Gecko) Chrome/79.0.3945.88 Safari/537.36","1","2020-01-09 17:48:15"
"9381303093","5b745aefcaefde0001f08744","RandCHeuristicCounte","Windows - Chrome 79.0.3945.88 79 Netscape Mozilla/5.0 (Windows NT 6.1; Win64; x64) AppleWebKit/537.36 (KHTML, like Gecko) Chrome/79.0.3945.88 Safari/537.36","1","2020-01-09 17:48:16"
"9723316559","5da6e6a788c639001280bcca","RandCHeuristicCounte","Windows - Firefox 71.0 71 Netscape Mozilla/5.0 (Windows NT 10.0; Win64; x64; rv:71.0) Gecko/20100101 Firefox/71.0","1","2020-01-09 17:48:19"
"5975061711","5dd44620572604437e054dde","RandCHeuristicCounte","Windows - Chrome 79.0.3945.88 79 Netscape Mozilla/5.0 (Windows NT 10.0; Win64; x64) AppleWebKit/537.36 (KHTML, like Gecko) Chrome/79.0.3945.88 Safari/537.36","1","2020-01-09 17:48:23"
"1122536328","5ddee7bf8cf2f9e6b5b312f6","RandCHeuristicCounte","Windows - Chrome 79.0.3945.88 79 Netscape Mozilla/5.0 (Windows NT 10.0; Win64; x64) AppleWebKit/537.36 (KHTML, like Gecko) Chrome/79.0.3945.88 Safari/537.36","1","2020-01-09 17:48:27"
"8806433868","5c2515f410677f0001db43f6","RandCHeuristicCounte","MacOS - Chrome 79.0.3945.88 79 Netscape Mozilla/5.0 (Macintosh; Intel Mac OS X 10_12_5) AppleWebKit/537.36 (KHTML, like Gecko) Chrome/79.0.3945.88 Safari/537.36","1","2020-01-09 17:48:30"
"288054174","5cd59972141c860019dde025","RandCHeuristicCounte","MacOS - Safari 13.0.4 13 Netscape Mozilla/5.0 (Macintosh; Intel Mac OS X 10_14_6) AppleWebKit/605.1.15 (KHTML, like Gecko) Version/13.0.4 Safari/605.1.15","1","2020-01-09 17:48:31"
"4436707772","5d66c06a3fcbbc0001f3dc15","RandCHeuristicCounte","Windows - Chrome 79.0.3945.88 79 Netscape Mozilla/5.0 (Windows NT 6.1; Win64; x64) AppleWebKit/537.36 (KHTML, like Gecko) Chrome/79.0.3945.88 Safari/537.36","1","2020-01-09 17:48:31"
"4465032978","5c4410ed3526c80001fcaea8","RandCHeuristicCounte","Windows - Chrome 79.0.3945.88 79 Netscape Mozilla/5.0 (Windows NT 6.1; Win64; x64) AppleWebKit/537.36 (KHTML, like Gecko) Chrome/79.0.3945.88 Safari/537.36","1.01","2020-01-09 17:48:36"
"8219362488","5d46c24832ed2d0016267e59","RandCHeuristicCounte","Linux - Chrome 79.0.3945.93 79 Netscape Mozilla/5.0 (Linux; Android 5.1.1; LG-K420) AppleWebKit/537.36 (KHTML, like Gecko) Chrome/79.0.3945.93 Mobile Safari/537.36","1","2020-01-09 17:48:42"
"6830002706","5def88731aaabf619feaa293","RandCHeuristicCounte","MacOS - Chrome 79.0.3945.88 79 Netscape Mozilla/5.0 (Macintosh; Intel Mac OS X 10_14_6) AppleWebKit/537.36 (KHTML, like Gecko) Chrome/79.0.3945.88 Safari/537.36","1","2020-01-09 17:48:43"
"6815117809","5ad5c7bd045cb000015c9b30","RandCHeuristicCounte","Windows - Chrome 79.0.3945.88 79 Netscape Mozilla/5.0 (Windows NT 10.0; Win64; x64) AppleWebKit/537.36 (KHTML, like Gecko) Chrome/79.0.3945.88 Safari/537.36","1","2020-01-09 17:48:44"
"3408928838","5d3d9749607ede001a0712df","RandCHeuristicCounte","Windows - Chrome 79.0.3945.88 79 Netscape Mozilla/5.0 (Windows NT 10.0; Win64; x64) AppleWebKit/537.36 (KHTML, like Gecko) Chrome/79.0.3945.88 Safari/537.36","1","2020-01-09 17:48:45"
"6825679082","5b96dd68d193e30001b3cb69","RandCHeuristicCounte","Windows - Chrome 79.0.3945.88 79 Netscape Mozilla/5.0 (Windows NT 6.1; Win64; x64) AppleWebKit/537.36 (KHTML, like Gecko) Chrome/79.0.3945.88 Safari/537.36","1","2020-01-09 17:48:51"
"1962741350","5c017cbd0fdf7b0001e528d0","RandCHeuristicCounte","Windows - Chrome 79.0.3945.117 79 Netscape Mozilla/5.0 (Windows NT 10.0; Win64; x64) AppleWebKit/537.36 (KHTML, like Gecko) Chrome/79.0.3945.117 Safari/537.36","1","2020-01-09 17:48:57"
"7508687344","5be8dab5d153f500019ab320","RandCHeuristicCounte","Windows - Firefox 72.0 72 Netscape Mozilla/5.0 (Windows NT 10.0; rv:72.0) Gecko/20100101 Firefox/72.0","1","2020-01-09 17:49:01"
"8404749796","5d9b5e2d8465bf02e1190626","RandCHeuristicCounte","Windows - Chrome 79.0.3945.88 79 Netscape Mozilla/5.0 (Windows NT 10.0; Win64; x64) AppleWebKit/537.36 (KHTML, like Gecko) Chrome/79.0.3945.88 Safari/537.36","1","2020-01-09 17:49:04"
"1478214280","5c927c8e928ee400153e0b36","RandCHeuristicCounte","MacOS - Safari 13.0.4 13 Netscape Mozilla/5.0 (Macintosh; Intel Mac OS X 10_15) AppleWebKit/605.1.15 (KHTML, like Gecko) Version/13.0.4 Safari/605.1.15","1","2020-01-09 17:49:05"
"7904089193","5d9c543d184c4f00144d7cff","RandCHeuristicCounte","Linux - Chrome 79.0.3945.116 79 Netscape Mozilla/5.0 (Linux; Android 9; SM-J600FN) AppleWebKit/537.36 (KHTML, like Gecko) Chrome/79.0.3945.116 Mobile Safari/537.36","1.01","2020-01-09 17:49:05"
"1792907471","5b8f9a9d8830c60001dc3aee","RandCHeuristicCounte","Windows - Chrome 79.0.3945.88 79 Netscape Mozilla/5.0 (Windows NT 6.3; Win64; x64) AppleWebKit/537.36 (KHTML, like Gecko) Chrome/79.0.3945.88 Safari/537.36","1","2020-01-09 17:49:07"
"1422105023","5d467c65f0b006001a3f1261","RandCHeuristicCounte","Windows - Chrome 79.0.3945.117 79 Netscape Mozilla/5.0 (Windows NT 6.1; Win64; x64) AppleWebKit/537.36 (KHTML, like Gecko) Chrome/79.0.3945.117 Safari/537.36","1","2020-01-09 17:49:09"
"9786937354","5d31ecccb9e1dc000197b221","RandCHeuristicCounte","Windows - Chrome 79.0.3945.88 79 Netscape Mozilla/5.0 (Windows NT 10.0; Win64; x64) AppleWebKit/537.36 (KHTML, like Gecko) Chrome/79.0.3945.88 Safari/537.36","1","2020-01-09 17:49:11"
"8640646259","5a72e36c6fc3c60001f97a9b","RandCHeuristicCounte","MacOS - Safari 604.1 604 Netscape Mozilla/5.0 (iPhone; CPU iPhone OS 13_3 like Mac OS X) AppleWebKit/605.1.15 (KHTML, like Gecko) CriOS/78.0.3904.84 Mobile/15E148 Safari/604.1","1","2020-01-09 17:49:12"
"4006287821","5d235928a13827001a257b44","RandCHeuristicCounte","MacOS - Chrome 79.0.3945.88 79 Netscape Mozilla/5.0 (Macintosh; Intel Mac OS X 10_13_6) AppleWebKit/537.36 (KHTML, like Gecko) Chrome/79.0.3945.88 Safari/537.36","1.01","2020-01-09 17:49:17"
"1129813446","5d0e3b9955790000010eb51c","RandCHeuristicCounte","Windows - Chrome 78.0.3904.108 78 Netscape Mozilla/5.0 (Windows NT 10.0; Win64; x64) AppleWebKit/537.36 (KHTML, like Gecko) Chrome/78.0.3904.108 Safari/537.36 OPR/65.0.3467.78","1","2020-01-09 17:49:17"
"9594284875","5c825b1278b14e00123263e9","RandCHeuristicCounte","Windows - Chrome 79.0.3945.88 79 Netscape Mozilla/5.0 (Windows NT 10.0; Win64; x64) AppleWebKit/537.36 (KHTML, like Gecko) Chrome/79.0.3945.88 Safari/537.36","1","2020-01-09 17:49:19"
"2953267423","5d2e1cdedf405500014c3a04","RandCHeuristicCounte","Windows - Chrome 79.0.3945.117 79 Netscape Mozilla/5.0 (Windows NT 10.0; Win64; x64) AppleWebKit/537.36 (KHTML, like Gecko) Chrome/79.0.3945.117 Safari/537.36","1","2020-01-09 17:49:20"
"8881045124","5c54b8f47f5e0c000143eec5","RandCHeuristicCounte","Linux - Chrome 71.0.3578.99 71 Netscape Mozilla/5.0 (Linux; Android 9; SAMSUNG SM-G950F) AppleWebKit/537.36 (KHTML, like Gecko) SamsungBrowser/10.2 Chrome/71.0.3578.99 Mobile Safari/537.36","1.01","2020-01-09 17:49:20"
"556153023","5da6f72f153eda0016068ab7","RandCHeuristicCounte","MacOS - Chrome 79.0.3945.88 79 Netscape Mozilla/5.0 (Macintosh; Intel Mac OS X 10_15_2) AppleWebKit/537.36 (KHTML, like Gecko) Chrome/79.0.3945.88 Safari/537.36","1","2020-01-09 17:49:22"
"6296042468","5c051091d30e3200016df697","RandCHeuristicCounte","Linux - Chrome 74.0.3729.136 74 Netscape Mozilla/5.0 (Linux; Android 9; SM-G960F) AppleWebKit/537.36 (KHTML, like Gecko) Chrome/74.0.3729.136 Mobile Safari/537.36","1","2020-01-09 17:49:23"
"2717107589","5b9ae2e307c6960001613886","RandCHeuristicCounte","Windows - Chrome 79.0.3945.88 79 Netscape Mozilla/5.0 (Windows NT 6.1; Win64; x64) AppleWebKit/537.36 (KHTML, like Gecko) Chrome/79.0.3945.88 Safari/537.36","1","2020-01-09 17:49:26"
"5399953484","5a8b57da000dab00018ccb72","RandCHeuristicCounte","Windows - Chrome 79.0.3945.117 79 Netscape Mozilla/5.0 (Windows NT 10.0; Win64; x64) AppleWebKit/537.36 (KHTML, like Gecko) Chrome/79.0.3945.117 Safari/537.36","1","2020-01-09 17:49:29"
"1497137283","5d7d252ed929720001b5b712","RandCHeuristicCounte","Windows - Chrome 79.0.3945.88 79 Netscape Mozilla/5.0 (Windows NT 6.3; Win64; x64) AppleWebKit/537.36 (KHTML, like Gecko) Chrome/79.0.3945.88 Safari/537.36","1","2020-01-09 17:49:32"
"9078693205","5a95694a4eecca0001dd4721","RandCHeuristicCounte","Windows - Chrome 79.0.3945.88 79 Netscape Mozilla/5.0 (Windows NT 10.0; Win64; x64) AppleWebKit/537.36 (KHTML, like Gecko) Chrome/79.0.3945.88 Safari/537.36","1","2020-01-09 17:49:35"
"2388696261","5c38dab0f0ae4c00011238c1","RandCHeuristicCounte","Windows - Chrome 79.0.3945.88 79 Netscape Mozilla/5.0 (Windows NT 10.0; Win64; x64) AppleWebKit/537.36 (KHTML, like Gecko) Chrome/79.0.3945.88 Safari/537.36","1","2020-01-09 17:49:43"
"8328923420","5c37cfa819ceb400010c0979","RandCHeuristicCounte","Windows - Chrome 79.0.3945.117 79 Netscape Mozilla/5.0 (Windows NT 10.0; Win64; x64) AppleWebKit/537.36 (KHTML, like Gecko) Chrome/79.0.3945.117 Safari/537.36","1","2020-01-09 17:49:46"
"3138021066","5dd02066c5faa211d6aa6f36","RandCHeuristicCounte","MacOS - Firefox 71.0 71 Netscape Mozilla/5.0 (Macintosh; Intel Mac OS X 10.14; rv:71.0) Gecko/20100101 Firefox/71.0","1","2020-01-09 17:49:46"
"971363531","5c25315c2c45d4000148afec","RandCHeuristicCounte","Windows - Chrome 79.0.3945.88 79 Netscape Mozilla/5.0 (Windows NT 10.0; Win64; x64) AppleWebKit/537.36 (KHTML, like Gecko) Chrome/79.0.3945.88 Safari/537.36","1","2020-01-09 17:49:47"
"8057763368","5de6d5557544ea070b13d83a","RandCHeuristicCounte","Windows - Chrome 79.0.3945.88 79 Netscape Mozilla/5.0 (Windows NT 10.0; Win64; x64) AppleWebKit/537.36 (KHTML, like Gecko) Chrome/79.0.3945.88 Safari/537.36","1","2020-01-09 17:49:50"
"7904127446","5b3ab8dcb6b4410001613d5b","RandCHeuristicCounte","MacOS - Chrome 78.0.3904.108 78 Netscape Mozilla/5.0 (Macintosh; Intel Mac OS X 10_14_0) AppleWebKit/537.36 (KHTML, like Gecko) Chrome/78.0.3904.108 Safari/537.36","1","2020-01-09 17:49:51"
"6308579054","5d64f820c94fbf0001addee8","RandCHeuristicCounte","Windows - Chrome 79.0.3945.88 79 Netscape Mozilla/5.0 (Windows NT 10.0; Win64; x64) AppleWebKit/537.36 (KHTML, like Gecko) Chrome/79.0.3945.88 Safari/537.36","1","2020-01-09 17:49:59"
"9864280147","5dc6d7fbd872a44e92417d70","RandCHeuristicCounte","MacOS - Safari 12.1.2 12 Netscape Mozilla/5.0 (Macintosh; Intel Mac OS X 10_14_6) AppleWebKit/605.1.15 (KHTML, like Gecko) Version/12.1.2 Safari/605.1.15","1","2020-01-09 17:49:59"
"6965412586","5c3442810308400001b9335c","RandCHeuristicCounte","MacOS - Safari 13.0.4 13 Netscape Mozilla/5.0 (iPhone; CPU iPhone OS 13_3 like Mac OS X) AppleWebKit/605.1.15 (KHTML, like Gecko) Version/13.0.4 Mobile/15E148 Safari/604.1","1","2020-01-09 17:50:01"
"6722069266","5da9eddb59f3710012836dae","RandCHeuristicCounte","Windows - Chrome 79.0.3945.117 79 Netscape Mozilla/5.0 (Windows NT 10.0; Win64; x64) AppleWebKit/537.36 (KHTML, like Gecko) Chrome/79.0.3945.117 Safari/537.36","1","2020-01-09 17:50:18"
"1711699235","5cb6f38ffdc7fa0013f809a3","RandCHeuristicCounte","Windows - Chrome 79.0.3945.117 79 Netscape Mozilla/5.0 (Windows NT 10.0; Win64; x64) AppleWebKit/537.36 (KHTML, like Gecko) Chrome/79.0.3945.117 Safari/537.36","1","2020-01-09 17:50:25"
"3176841854","5d6908ac9e3235001789e1c6","RandCHeuristicCounte","Windows - Chrome 79.0.3945.117 79 Netscape Mozilla/5.0 (Windows NT 10.0; Win64; x64) AppleWebKit/537.36 (KHTML, like Gecko) Chrome/79.0.3945.117 Safari/537.36","1","2020-01-09 17:50:25"
"6126703028","5d97091b1787f60011e03cdf","RandCHeuristicCounte","Windows - Chrome 79.0.3945.88 79 Netscape Mozilla/5.0 (Windows NT 10.0; Win64; x64) AppleWebKit/537.36 (KHTML, like Gecko) Chrome/79.0.3945.88 Safari/537.36","1","2020-01-09 17:50:34"
"6321947906","5da5fdef9a9dc5001484350b","RandCHeuristicCounte","Windows - Chrome 79.0.3945.88 79 Netscape Mozilla/5.0 (Windows NT 10.0; Win64; x64) AppleWebKit/537.36 (KHTML, like Gecko) Chrome/79.0.3945.88 Safari/537.36","1","2020-01-09 17:50:37"
"1309282192","5d93297851b405001ab21816","RandCHeuristicCounte","Windows - Chrome 79.0.3945.88 79 Netscape Mozilla/5.0 (Windows NT 10.0; Win64; x64) AppleWebKit/537.36 (KHTML, like Gecko) Chrome/79.0.3945.88 Safari/537.36","1","2020-01-09 17:50:37"
"3080877510","5d8ccf4fd3309d001a8ce0b6","RandCHeuristicCounte","MacOS - Chrome 79.0.3945.88 79 Netscape Mozilla/5.0 (Macintosh; Intel Mac OS X 10_15_0) AppleWebKit/537.36 (KHTML, like Gecko) Chrome/79.0.3945.88 Safari/537.36","1","2020-01-09 17:50:39"
"895819631","5c8bafb53b6f3d00013d7c30","RandCHeuristicCounte","Windows - Chrome 79.0.3945.117 79 Netscape Mozilla/5.0 (Windows NT 10.0; Win64; x64) AppleWebKit/537.36 (KHTML, like Gecko) Chrome/79.0.3945.117 Safari/537.36","1","2020-01-09 17:50:41"
"6294140484","5d318d918b7318001950e42c","RandCHeuristicCounte","MacOS - Safari 13.0.4 13 Netscape Mozilla/5.0 (iPhone; CPU iPhone OS 13_3 like Mac OS X) AppleWebKit/605.1.15 (KHTML, like Gecko) Version/13.0.4 Mobile/15E148 Safari/604.1","1","2020-01-09 17:50:42"
"3420592490","5dbacc2c4ea3b20e251ff647","RandCHeuristicCounte","Linux - Chrome 79.0.3945.116 79 Netscape Mozilla/5.0 (Linux; Android 8.0.0; PRA-LX1) AppleWebKit/537.36 (KHTML, like Gecko) Chrome/79.0.3945.116 Mobile Safari/537.36","1","2020-01-09 17:50:47"
"2920142781","5d53bfed9ee0d70001dee40f","RandCHeuristicCounte","Windows - Chrome 79.0.3945.88 79 Netscape Mozilla/5.0 (Windows NT 10.0; Win64; x64) AppleWebKit/537.36 (KHTML, like Gecko) Chrome/79.0.3945.88 Safari/537.36","1","2020-01-09 17:50:48"
"124627775","5c48c13bcae0ab0001890ce4","RandCHeuristicCounte","MacOS - Safari 13.0.4 13 Netscape Mozilla/5.0 (Macintosh; Intel Mac OS X 10_15) AppleWebKit/605.1.15 (KHTML, like Gecko) Version/13.0.4 Safari/605.1.15","1","2020-01-09 17:50:58"
"7891830409","5da330e8656efc001626ea3e","RandCHeuristicCounte","Windows - Chrome 79.0.3945.88 79 Netscape Mozilla/5.0 (Windows NT 10.0; Win64; x64) AppleWebKit/537.36 (KHTML, like Gecko) Chrome/79.0.3945.88 Safari/537.36","1","2020-01-09 17:51:00"
"2565632698","5dd6d7957beb2966ce4d9e82","RandCHeuristicCounte","MacOS - Chrome 79.0.3945.88 79 Netscape Mozilla/5.0 (Macintosh; Intel Mac OS X 10_13_6) AppleWebKit/537.36 (KHTML, like Gecko) Chrome/79.0.3945.88 Safari/537.36","1","2020-01-09 17:51:13"
"2170795756","5e0e0304e69d0a56436f94bd","RandCHeuristicCounte","Windows - Chrome 79.0.3945.88 79 Netscape Mozilla/5.0 (Windows NT 10.0; Win64; x64) AppleWebKit/537.36 (KHTML, like Gecko) Chrome/79.0.3945.88 Safari/537.36","1","2020-01-09 17:51:22"
"1305386577","5c6dd18f4e08ad00018cc5f6","RandCHeuristicCounte","Windows - Chrome 79.0.3945.117 79 Netscape Mozilla/5.0 (Windows NT 10.0; Win64; x64) AppleWebKit/537.36 (KHTML, like Gecko) Chrome/79.0.3945.117 Safari/537.36","1","2020-01-09 17:51:38"
"7836267890","5d1e47055538e6001a842e3b","RandCHeuristicCounte","Linux - Chrome 79.0.3945.93 79 Netscape Mozilla/5.0 (Linux; Android 7.0; CUBOT MAGIC) AppleWebKit/537.36 (KHTML, like Gecko) Chrome/79.0.3945.93 Mobile Safari/537.36","1.01","2020-01-09 17:51:56"
"4581296342","5dcc068f611e1a8a0a49e2a1","RandCHeuristicCounte","Windows - Chrome 79.0.3945.88 79 Netscape Mozilla/5.0 (Windows NT 10.0; Win64; x64) AppleWebKit/537.36 (KHTML, like Gecko) Chrome/79.0.3945.88 Safari/537.36","1","2020-01-09 17:52:12"
"1929138118","5e15b2c99195c6ba622e5814","RandCHeuristicCounte","Windows - Chrome 79.0.3945.117 79 Netscape Mozilla/5.0 (Windows NT 10.0; Win64; x64) AppleWebKit/537.36 (KHTML, like Gecko) Chrome/79.0.3945.117 Safari/537.36","1","2020-01-09 17:52:19"
"9152152047","5dc44b73900e3e31ef1e3294","RandCHeuristicCounte","Windows - Chrome 79.0.3945.117 79 Netscape Mozilla/5.0 (Windows NT 10.0; Win64; x64) AppleWebKit/537.36 (KHTML, like Gecko) Chrome/79.0.3945.117 Safari/537.36","1","2020-01-09 17:52:19"
"9110758836","5be964367514d0000108cefc","RandCHeuristicCounte","Windows - Firefox 71.0 71 Netscape Mozilla/5.0 (Windows NT 10.0; Win64; x64; rv:71.0) Gecko/20100101 Firefox/71.0","1","2020-01-09 17:52:40"
"4304877771","5bb2e60526f5300001ebf51b","RandCHeuristicCounte","MacOS - Chrome 79.0.3945.88 79 Netscape Mozilla/5.0 (Macintosh; Intel Mac OS X 10_11_6) AppleWebKit/537.36 (KHTML, like Gecko) Chrome/79.0.3945.88 Safari/537.36","1","2020-01-09 17:52:53"
"6806590155","5c0fc9645096c60001f15b12","RandCHeuristicCounte","Windows - Chrome 79.0.3945.88 79 Netscape Mozilla/5.0 (Windows NT 10.0; Win64; x64) AppleWebKit/537.36 (KHTML, like Gecko) Chrome/79.0.3945.88 Safari/537.36","1.01","2020-01-09 17:52:58"
"9061816954","5ca238f0fd2f4e00184ec34c","RandCHeuristicCounte","MacOS - Chrome 76.0.3809.100 76 Netscape Mozilla/5.0 (Macintosh; Intel Mac OS X 10_10_2) AppleWebKit/537.36 (KHTML, like Gecko) Chrome/76.0.3809.100 Safari/537.36","1.01","2020-01-09 17:53:33"
"5658701463","5db782f5e757dd000d27a3f0","RandCHeuristicCounte","Windows - Chrome 79.0.3945.117 79 Netscape Mozilla/5.0 (Windows NT 6.1; Win64; x64) AppleWebKit/537.36 (KHTML, like Gecko) Chrome/79.0.3945.117 Safari/537.36","1","2020-01-09 17:53:36"
"3370439916","5c479e4cdeaef300017e5c9c","RandCHeuristicCounte","Linux - Chrome 79.0.3945.116 79 Netscape Mozilla/5.0 (Linux; Android 9; LM-Q720) AppleWebKit/537.36 (KHTML, like Gecko) Chrome/79.0.3945.116 Mobile Safari/537.36","1","2020-01-09 17:54:07"
"3396351285","5d11f6b091c008001530d0fb","RandCHeuristicCounte","Windows - Chrome 79.0.3945.117 79 Netscape Mozilla/5.0 (Windows NT 10.0; Win64; x64) AppleWebKit/537.36 (KHTML, like Gecko) Chrome/79.0.3945.117 Safari/537.36","1","2020-01-09 17:54:10"
"8502574211","5d6d15ce424136001af41fbc","RandCHeuristicCounte","Windows - Chrome 79.0.3945.88 79 Netscape Mozilla/5.0 (Windows NT 6.3; Win64; x64) AppleWebKit/537.36 (KHTML, like Gecko) Chrome/79.0.3945.88 Safari/537.36","1","2020-01-09 17:54:16"
"7809524910","5bef5e9211439b000168b116","RandCHeuristicCounte","MacOS - Safari 604.1 604 Netscape Mozilla/5.0 (iPhone; CPU iPhone OS 13_1 like Mac OS X) AppleWebKit/605.1.15 (KHTML, like Gecko) CriOS/79.0.3945.73 Mobile/15E148 Safari/604.1","1","2020-01-09 17:54:24"
"7307912971","5af4f14f86fd9c0001664a21","RandCHeuristicCounte","MacOS - Chrome 79.0.3945.88 79 Netscape Mozilla/5.0 (Macintosh; Intel Mac OS X 10_12_6) AppleWebKit/537.36 (KHTML, like Gecko) Chrome/79.0.3945.88 Safari/537.36","1","2020-01-09 17:54:40"
"4251443287","5e00522ff87bcac54e1e331d","RandCHeuristicCounte","Windows - Chrome 79.0.3945.88 79 Netscape Mozilla/5.0 (Windows NT 10.0; Win64; x64) AppleWebKit/537.36 (KHTML, like Gecko) Chrome/79.0.3945.88 Safari/537.36","1","2020-01-09 17:55:03"
"2068770643","5be350a51824e4000189d5ba","RandCHeuristicCounte","Windows - Chrome 79.0.3945.88 79 Netscape Mozilla/5.0 (Windows NT 10.0; Win64; x64) AppleWebKit/537.36 (KHTML, like Gecko) Chrome/79.0.3945.88 Safari/537.36","1","2020-01-09 17:55:22"
"4636938085","5b6eba1aaf4af50001357228","RandCHeuristicCounte","Windows - Chrome 79.0.3945.88 79 Netscape Mozilla/5.0 (Windows NT 10.0; Win64; x64) AppleWebKit/537.36 (KHTML, like Gecko) Chrome/79.0.3945.88 Safari/537.36","1","2020-01-09 17:55:27"
"1932071763","5c30e433bd79600001c29258","RandCHeuristicCounte","MacOS - Safari 13.0.1 13 Netscape Mozilla/5.0 (iPhone; CPU iPhone OS 13_1_3 like Mac OS X) AppleWebKit/605.1.15 (KHTML, like Gecko) Version/13.0.1 Mobile/15E148 Safari/604.1","1","2020-01-09 17:55:38"
"6437422550","5d8bd78ea59fed00194306a8","RandCHeuristicCounte","Windows - Firefox 71.0 71 Netscape Mozilla/5.0 (Windows NT 10.0; Win64; x64; rv:71.0) Gecko/20100101 Firefox/71.0","1","2020-01-09 17:55:53"
"5838699269","5cb4a22ae7a9f20001ce8b50","RandCHeuristicCounte","MacOS - Chrome 79.0.3945.88 79 Netscape Mozilla/5.0 (Macintosh; Intel Mac OS X 10_14_2) AppleWebKit/537.36 (KHTML, like Gecko) Chrome/79.0.3945.88 Safari/537.36","1","2020-01-09 18:00:14"
"2680033910","5c430039e972300001ac04f3","RandCHeuristicCounte","MacOS - Firefox 72.0 72 Netscape Mozilla/5.0 (Macintosh; Intel Mac OS X 10.15; rv:72.0) Gecko/20100101 Firefox/72.0","1","2020-01-09 18:04:48"
"6688304650","5dd6be845daaa664ee567655","RandCHeuristicCounte","Linux - Chrome 79.0.3945.93 79 Netscape Mozilla/5.0 (Linux; Android 8.1.0; COL-L29) AppleWebKit/537.36 (KHTML, like Gecko) Chrome/79.0.3945.93 Mobile Safari/537.36","1","2020-01-09 18:05:22"
"8363487701","5c62ff33c529e7000173766e","RandCHeuristicCounte","Windows - Chrome 79.0.3945.88 79 Netscape Mozilla/5.0 (Windows NT 10.0; Win64; x64) AppleWebKit/537.36 (KHTML, like Gecko) Chrome/79.0.3945.88 Safari/537.36","1","2020-01-09 18:05:43"
"2862428034","5b918e98290d2400016828d3","RandCHeuristicCounte","Windows - Chrome 79.0.3945.88 79 Netscape Mozilla/5.0 (Windows NT 10.0; Win64; x64) AppleWebKit/537.36 (KHTML, like Gecko) Chrome/79.0.3945.88 Safari/537.36","1","2020-01-09 18:09:26"
"9593063154","5d9c543d184c4f00144d7cff","RandCHeuristicCounte","Windows - Chrome 79.0.3945.88 79 Netscape Mozilla/5.0 (Windows NT 10.0; Win64; x64) AppleWebKit/537.36 (KHTML, like Gecko) Chrome/79.0.3945.88 Safari/537.36","1","2020-01-09 18:13:23"
"505156406","5c30e433bd79600001c29258","RandCHeuristicCounte","MacOS - Safari 13.0.1 13 Netscape Mozilla/5.0 (iPhone; CPU iPhone OS 13_1_3 like Mac OS X) AppleWebKit/605.1.15 (KHTML, like Gecko) Version/13.0.1 Mobile/15E148 Safari/604.1","1","2020-01-09 18:14:32"
"9203335703","5bef5e9211439b000168b116","RandCHeuristicCounte","MacOS - Safari 604.1 604 Netscape Mozilla/5.0 (iPhone; CPU iPhone OS 13_1 like Mac OS X) AppleWebKit/605.1.15 (KHTML, like Gecko) CriOS/79.0.3945.73 Mobile/15E148 Safari/604.1","1","2020-01-09 18:15:49"
"6468002347","5c30e433bd79600001c29258","RandCHeuristicCounte","MacOS - Safari 13.0.1 13 Netscape Mozilla/5.0 (iPhone; CPU iPhone OS 13_1_3 like Mac OS X) AppleWebKit/605.1.15 (KHTML, like Gecko) Version/13.0.1 Mobile/15E148 Safari/604.1","1","2020-01-09 18:27:12"
"5066119173","58eb9c6c715f180001f8e89a","RandCHeuristicCounte","Linux - Chrome 74.0.3729.136 74 Netscape Mozilla/5.0 (Linux; Android 9; POT-LX1) AppleWebKit/537.36 (KHTML, like Gecko) Chrome/74.0.3729.136 Mobile Safari/537.36","1","2020-01-09 18:27:19"
"9231317773","5dc2fb9b09207920bc5125af","RandCHeuristicCounte","Windows - Chrome 79.0.3945.117 79 Netscape Mozilla/5.0 (Windows NT 10.0; Win64; x64) AppleWebKit/537.36 (KHTML, like Gecko) Chrome/79.0.3945.117 Safari/537.36","1","2020-01-09 18:45:53"
"4316691939","5dc5995e5d81cd4153e00138","RandCHeuristicCounte","Windows - Chrome 79.0.3945.117 79 Netscape Mozilla/5.0 (Windows NT 6.1; Win64; x64) AppleWebKit/537.36 (KHTML, like Gecko) Chrome/79.0.3945.117 Safari/537.36","1","2020-01-09 18:48:44"
"9621262807","5e15b2c99195c6ba622e5814","RandCHeuristicCounte","MacOS - Safari 13.0.4 13 Netscape Mozilla/5.0 (Macintosh; Intel Mac OS X 10_15) AppleWebKit/605.1.15 (KHTML, like Gecko) Version/13.0.4 Safari/605.1.15","1.01","2020-01-09 18:49:43"
"8456125063","5c41f99cdb1772000117f1b6","RandCHeuristicCounte","Windows - Chrome 79.0.3945.117 79 Netscape Mozilla/5.0 (Windows NT 10.0; Win64; x64) AppleWebKit/537.36 (KHTML, like Gecko) Chrome/79.0.3945.117 Safari/537.36","1.01","2020-01-09 19:05:24"
"8622659317","5c318c0143b64d000171d078","RandCHeuristicCounte","MacOS - Safari 13.0.1 13 Netscape Mozilla/5.0 (iPhone; CPU iPhone OS 13_1_3 like Mac OS X) AppleWebKit/605.1.15 (KHTML, like Gecko) Version/13.0.1 Mobile/15E148 Safari/604.1","1","2020-01-09 19:11:31"
"6258704513","5c1679556d1ac9000102f1df","RandCHeuristicCounte","Linux - Chrome 78.0.3904.108 78 Netscape Mozilla/5.0 (X11; Linux x86_64) AppleWebKit/537.36 (KHTML, like Gecko) Chrome/78.0.3904.108 Safari/537.36","1.01","2020-01-09 19:49:57"
"3024139040","5dec5dacda52233474689a5b","RandCHeuristicCounte","Windows - Chrome 79.0.3945.88 79 Netscape Mozilla/5.0 (Windows NT 10.0; Win64; x64) AppleWebKit/537.36 (KHTML, like Gecko) Chrome/79.0.3945.88 Safari/537.36","1","2020-01-09 19:57:39"
"3240032297","5d0a1cd4561a350001d62ab3","RandCHeuristicCounte","Windows - Chrome 79.0.3945.117 79 Netscape Mozilla/5.0 (Windows NT 10.0; Win64; x64) AppleWebKit/537.36 (KHTML, like Gecko) Chrome/79.0.3945.117 Safari/537.36","1","2020-01-09 20:25:21"
"932727537","5bdca92f76d6d50001bc2f4c","RandCHeuristicCounte","Windows - Chrome 79.0.3945.117 79 Netscape Mozilla/5.0 (Windows NT 10.0; Win64; x64) AppleWebKit/537.36 (KHTML, like Gecko) Chrome/79.0.3945.117 Safari/537.36","1","2020-01-09 20:27:55"
"9512418199","5c79da9fc44ec60016182566","RandCHeuristicCounte","MacOS - Firefox 70.0 70 Netscape Mozilla/5.0 (Macintosh; Intel Mac OS X 10.14; rv:70.0) Gecko/20100101 Firefox/70.0","1","2020-01-09 20:28:14"
"6233515346","57655c729dcd970001dbdb54","RandCHeuristicCounte","MacOS - Safari 13.0.4 13 Netscape Mozilla/5.0 (iPhone; CPU iPhone OS 13_3 like Mac OS X) AppleWebKit/605.1.15 (KHTML, like Gecko) Version/13.0.4 Mobile/15E148 Safari/604.1","1","2020-01-09 23:16:52"
