"629406715","5dd693982b033b60fe1efe92","RetrieveAndCompare","Windows - Firefox 70.0 70 Netscape Mozilla/5.0 (Windows NT 6.1; Win64; x64; rv:70.0) Gecko/20100101 Firefox/70.0","1.08","2019-11-21 15:18:24"
"4149421144","5c3f927ae3183b0001fa00e8","RetrieveAndCompare","Windows - Chrome 78.0.3904.97 78 Netscape Mozilla/5.0 (Windows NT 6.1; Win64; x64) AppleWebKit/537.36 (KHTML, like Gecko) Chrome/78.0.3904.97 Safari/537.36","1.09","2019-11-21 15:19:23"
"5743173355","5cf3ba5781ea050017a61781","RetrieveAndCompare","Windows - Chrome 78.0.3904.97 78 Netscape Mozilla/5.0 (Windows NT 10.0; WOW64) AppleWebKit/537.36 (KHTML, like Gecko) Chrome/78.0.3904.97 Safari/537.36","1.08","2019-11-21 15:19:55"
"2119346132","5d1cc431d041490016da4898","RetrieveAndCompare","Windows - Chrome 78.0.3904.108 78 Netscape Mozilla/5.0 (Windows NT 10.0; Win64; x64) AppleWebKit/537.36 (KHTML, like Gecko) Chrome/78.0.3904.108 Safari/537.36","1.08","2019-11-21 15:20:20"
"9485603989","5dd607295686c15b3546af4b","RetrieveAndCompare","Windows - Chrome 78.0.3904.108 78 Netscape Mozilla/5.0 (Windows NT 6.1; Win64; x64) AppleWebKit/537.36 (KHTML, like Gecko) Chrome/78.0.3904.108 Safari/537.36","1.08","2019-11-21 15:20:24"
"6904022065","59d4ff54e59146000112e5b1","RetrieveAndCompare","Windows - Firefox 70.0 70 Netscape Mozilla/5.0 (Windows NT 10.0; Win64; x64; rv:70.0) Gecko/20100101 Firefox/70.0","1.08","2019-11-21 15:20:49"
"9181658679","5dbc3b5554c7971ed890ac82","RetrieveAndCompare","MacOS - Safari 13.0.1 13 Netscape Mozilla/5.0 (iPhone; CPU iPhone OS 13_1_3 like Mac OS X) AppleWebKit/605.1.15 (KHTML, like Gecko) Version/13.0.1 Mobile/15E148 Safari/604.1","1.08","2019-11-21 15:20:54"
"1202407836","5db1b4095b8b65000fe5f097","RetrieveAndCompare","UNIX - Firefox 70.0 70 Netscape Mozilla/5.0 (X11; Ubuntu; Linux x86_64; rv:70.0) Gecko/20100101 Firefox/70.0","1.09","2019-11-21 15:21:44"
"188527757","5d8a1f7218133500163107f8","RetrieveAndCompare","Windows - Chrome 78.0.3904.108 78 Netscape Mozilla/5.0 (Windows NT 10.0; Win64; x64) AppleWebKit/537.36 (KHTML, like Gecko) Chrome/78.0.3904.108 Safari/537.36","1.08","2019-11-21 15:22:30"
"482066620","5d78cb8a44b0d10001a53485","RetrieveAndCompare","Linux - Chrome 78.0.3904.96 78 Netscape Mozilla/5.0 (Linux; Android 9; ANE-LX1) AppleWebKit/537.36 (KHTML, like Gecko) Chrome/78.0.3904.96 Mobile Safari/537.36","1.09","2019-11-21 15:22:46"
"9320982845","596db217ed56f400011f5118","RetrieveAndCompare","MacOS - Safari 12.0 12 Netscape Mozilla/5.0 (iPhone; CPU iPhone OS 12_1_4 like Mac OS X) AppleWebKit/605.1.15 (KHTML, like Gecko) Version/12.0 Mobile/15E148 Safari/604.1","1.09","2019-11-21 15:22:48"
"1554709919","5d667425bf872a001a72eb79","RetrieveAndCompare","Linux - Chrome 78.0.3904.108 78 Netscape Mozilla/5.0 (Linux; Android 8.0.0; moto e5 plus) AppleWebKit/537.36 (KHTML, like Gecko) Chrome/78.0.3904.108 Mobile Safari/537.36","1.08","2019-11-21 15:23:05"
"9174604198","5bd7b4053dac81000124b592","RetrieveAndCompare","Windows - Firefox 70.0 70 Netscape Mozilla/5.0 (Windows NT 10.0; Win64; x64; rv:70.0) Gecko/20100101 Firefox/70.0","1.08","2019-11-21 15:23:33"
"8445662418","5dd3e1a95e91193be490487d","RetrieveAndCompare","MacOS - Safari 13.0.3 13 Netscape Mozilla/5.0 (iPhone; CPU iPhone OS 13_2_2 like Mac OS X) AppleWebKit/605.1.15 (KHTML, like Gecko) Version/13.0.3 Mobile/15E148 Safari/604.1","1.09","2019-11-21 15:23:36"
"2166467453","5be44031f5825800016a2b17","RetrieveAndCompare","Windows - Firefox 70.0 70 Netscape Mozilla/5.0 (Windows NT 10.0; Win64; x64; rv:70.0) Gecko/20100101 Firefox/70.0","1.09","2019-11-21 15:24:00"
"9910785139","5bafec568f3bd70001e4e5f8","RetrieveAndCompare","Windows - Chrome 78.0.3904.108 78 Netscape Mozilla/5.0 (Windows NT 10.0; Win64; x64) AppleWebKit/537.36 (KHTML, like Gecko) Chrome/78.0.3904.108 Safari/537.36","1.09","2019-11-21 15:27:05"
"912904870","5b648251bd56550001bf31fd","RetrieveAndCompare","MacOS - Safari 12.1.1 12 Netscape Mozilla/5.0 (iPad; CPU OS 12_3_1 like Mac OS X) AppleWebKit/605.1.15 (KHTML, like Gecko) Version/12.1.1 Mobile/15E148 Safari/604.1","1.09","2019-11-21 15:30:13"
"7351421053","5c92c143719a1d0018e5e089","RetrieveAndCompare","Windows - Chrome 78.0.3904.97 78 Netscape Mozilla/5.0 (Windows NT 10.0; Win64; x64) AppleWebKit/537.36 (KHTML, like Gecko) Chrome/78.0.3904.97 Safari/537.36","1.09","2019-11-21 15:30:32"
"3109330331","5dcdaaf46d6dfe06a0be7918","RetrieveAndCompare","Windows - Chrome 78.0.3904.108 78 Netscape Mozilla/5.0 (Windows NT 10.0; Win64; x64) AppleWebKit/537.36 (KHTML, like Gecko) Chrome/78.0.3904.108 Safari/537.36","1.09","2019-11-21 15:31:48"
"8545036326","mixaella.ralli96@gmail.c","RetrieveAndCompare","Linux - Chrome 78.0.3904.96 78 Netscape Mozilla/5.0 (Linux; Android 7.0; Redmi Note 4) AppleWebKit/537.36 (KHTML, like Gecko) Chrome/78.0.3904.96 Mobile Safari/537.36","1.08","2019-11-21 15:32:14"
"1696551699","5c21f91a867f660001ad4a2a","RetrieveAndCompare","Windows - Chrome 78.0.3904.108 78 Netscape Mozilla/5.0 (Windows NT 10.0; Win64; x64) AppleWebKit/537.36 (KHTML, like Gecko) Chrome/78.0.3904.108 Safari/537.36","1.09","2019-11-21 15:36:46"
"9557542668","5d82852ae7a57100011a6122","RetrieveAndCompare","Windows - Chrome 78.0.3904.97 78 Netscape Mozilla/5.0 (Windows NT 10.0; Win64; x64) AppleWebKit/537.36 (KHTML, like Gecko) Chrome/78.0.3904.97 Safari/537.36","1.09","2019-11-21 15:44:40"
"5459788611","5d716715d1e5b80015d63d2e","RetrieveAndCompare","Linux - Chrome 78.0.3904.96 78 Netscape Mozilla/5.0 (Linux; Android 7.0; Redmi Note 4) AppleWebKit/537.36 (KHTML, like Gecko) Chrome/78.0.3904.96 Mobile Safari/537.36","1.08","2019-11-21 16:26:44"
"1857576520","5cac639638d61000014da640","RetrieveAndCompare","Windows - Chrome 78.0.3904.108 78 Netscape Mozilla/5.0 (Windows NT 10.0; Win64; x64) AppleWebKit/537.36 (KHTML, like Gecko) Chrome/78.0.3904.108 Safari/537.36","1.08","2019-11-21 17:20:11"
"3456347668","5c47188c51c26300012cbd38","RetrieveAndCompare","MacOS - Safari 12.0.3 12 Netscape Mozilla/5.0 (Macintosh; Intel Mac OS X 10_14_3) AppleWebKit/605.1.15 (KHTML, like Gecko) Version/12.0.3 Safari/605.1.15","1.09","2019-11-22 15:31:30"
"4338379670","58d4ffb247aa1e00010478ca","RetrieveAndCompare","Windows - Chrome 76.0.3809.132 76 Netscape Mozilla/5.0 (Windows NT 10.0; Win64; x64) AppleWebKit/537.36 (KHTML, like Gecko) Chrome/76.0.3809.132 Safari/537.36 OPR/63.0.3368.96","1.09","2019-11-22 15:31:44"
"7538227545","5dc458cbbe3c0f32514b1bf4","RetrieveAndCompare","Windows - Firefox 70.0 70 Netscape Mozilla/5.0 (Windows NT 10.0; Win64; x64; rv:70.0) Gecko/20100101 Firefox/70.0","1.08","2019-11-22 15:32:35"
"8817187159","597dde79bedf280001dc3be7","RetrieveAndCompare","Windows - Chrome 78.0.3904.108 78 Netscape Mozilla/5.0 (Windows NT 10.0; Win64; x64) AppleWebKit/537.36 (KHTML, like Gecko) Chrome/78.0.3904.108 Safari/537.36","1.09","2019-11-22 15:33:08"
"6131235122","5dd674be5686c15fd20348e8","RetrieveAndCompare","MacOS - Chrome 78.0.3904.108 78 Netscape Mozilla/5.0 (Macintosh; Intel Mac OS X 10_14_6) AppleWebKit/537.36 (KHTML, like Gecko) Chrome/78.0.3904.108 Safari/537.36","1.08","2019-11-22 15:33:12"
"7623550389","5bb3ddb527fb5000013c0de9","RetrieveAndCompare","MacOS - Safari 13.0.3 13 Netscape Mozilla/5.0 (Macintosh; Intel Mac OS X 10_15_1) AppleWebKit/605.1.15 (KHTML, like Gecko) Version/13.0.3 Safari/605.1.15","1.09","2019-11-22 15:33:54"
"935005561","5d56c37f1946490001dc0bc3","RetrieveAndCompare","Windows - Chrome 78.0.3904.97 78 Netscape Mozilla/5.0 (Windows NT 10.0; Win64; x64) AppleWebKit/537.36 (KHTML, like Gecko) Chrome/78.0.3904.97 Safari/537.36","1.08","2019-11-22 15:33:59"
"1921233800","5d69130c0132540017c23e8c","RetrieveAndCompare","MacOS - Chrome 78.0.3904.108 78 Netscape Mozilla/5.0 (Macintosh; Intel Mac OS X 10_14_6) AppleWebKit/537.36 (KHTML, like Gecko) Chrome/78.0.3904.108 Safari/537.36","1.09","2019-11-22 15:34:15"
"3285005267","5d9dca83bf11cf00175ad0d3","RetrieveAndCompare","Linux - Chrome 78.0.3904.108 78 Netscape Mozilla/5.0 (Linux; Android 10; Pixel 2 XL) AppleWebKit/537.36 (KHTML, like Gecko) Chrome/78.0.3904.108 Mobile Safari/537.36","1.08","2019-11-22 15:34:42"
"1915175753","5dd7ec8a6ca7e7780fb7921b","RetrieveAndCompare","MacOS - Safari 605.1.15 605 Netscape Mozilla/5.0 (iPhone; CPU iPhone OS 13_0 like Mac OS X) AppleWebKit/605.1.15 (KHTML, like Gecko) FxiOS/20.1 Mobile/15E148 Safari/605.1.15","1.09","2019-11-22 15:35:00"
"5049861308","5abc0d68436f550001ff83ff","RetrieveAndCompare","Windows - Chrome 78.0.3904.108 78 Netscape Mozilla/5.0 (Windows NT 6.1; Win64; x64) AppleWebKit/537.36 (KHTML, like Gecko) Chrome/78.0.3904.108 Safari/537.36","1.08","2019-11-22 15:35:09"
"7015256399","5dd7eb4841fb3f785f7ec7c8","RetrieveAndCompare","Windows - Firefox 70.0 70 Netscape Mozilla/5.0 (Windows NT 10.0; Win64; x64; rv:70.0) Gecko/20100101 Firefox/70.0","1.08","2019-11-22 15:35:10"
"905931326","5c0210a15c0594000114fe35","RetrieveAndCompare","MacOS - Safari 13.0.1 13 Netscape Mozilla/5.0 (iPhone; CPU iPhone OS 13_1_1 like Mac OS X) AppleWebKit/605.1.15 (KHTML, like Gecko) Version/13.0.1 Mobile/15E148 Safari/604.1","1.1","2019-11-22 15:35:13"
"5806943686","5d6ff13f0fbfc50018f710fc","RetrieveAndCompare","Linux - Chrome 78.0.3904.108 78 Netscape Mozilla/5.0 (Linux; Android 9; SM-G955F) AppleWebKit/537.36 (KHTML, like Gecko) Chrome/78.0.3904.108 Mobile Safari/537.36","1.08","2019-11-22 15:35:18"
"6093260441","5cfdbf81f8ff8a00157310e0","RetrieveAndCompare","Windows - Chrome 78.0.3904.108 78 Netscape Mozilla/5.0 (Windows NT 10.0; Win64; x64) AppleWebKit/537.36 (KHTML, like Gecko) Chrome/78.0.3904.108 Safari/537.36","1.09","2019-11-22 15:35:30"
"2775292742","5cc2d504dc8d780001a2002a","RetrieveAndCompare","Windows - Chrome 78.0.3904.108 78 Netscape Mozilla/5.0 (Windows NT 10.0; Win64; x64) AppleWebKit/537.36 (KHTML, like Gecko) Chrome/78.0.3904.108 Safari/537.36","1.09","2019-11-22 15:35:38"
"354823815","5cc3685746fb4500011c02de","RetrieveAndCompare","MacOS - Safari 12.1.2 12 Netscape Mozilla/5.0 (iPhone; CPU iPhone OS 12_4 like Mac OS X) AppleWebKit/605.1.15 (KHTML, like Gecko) Version/12.1.2 Mobile/15E148 Safari/604.1","1.09","2019-11-22 15:35:40"
"4503606543","5dd7193b3708106bfee0a0cf","RetrieveAndCompare","Linux - Chrome 78.0.3904.108 78 Netscape Mozilla/5.0 (Linux; Android 9; SM-G965U) AppleWebKit/537.36 (KHTML, like Gecko) Chrome/78.0.3904.108 Mobile Safari/537.36","1.07","2019-11-22 15:36:17"
"8456245538","5a5cf0e9e0cf3d00012691c0","RetrieveAndCompare","MacOS - Safari 12.0 12 Netscape Mozilla/5.0 (iPhone; CPU iPhone OS 12_1_4 like Mac OS X) AppleWebKit/605.1.15 (KHTML, like Gecko) Version/12.0 Mobile/15E148 Safari/604.1","1.08","2019-11-22 15:36:25"
"5180854289","5bec2861ac6b780001fec12b","RetrieveAndCompare","Windows - Firefox 70.0 70 Netscape Mozilla/5.0 (Windows NT 6.1; Win64; x64; rv:70.0) Gecko/20100101 Firefox/70.0","1.09","2019-11-22 15:36:26"
"5037894006","5dc2bd90569be31d76ca69b3","RetrieveAndCompare","Windows - Firefox 56.0 56 Netscape Mozilla/5.0 (Windows NT 10.0; Win64; x64; rv:56.0) Gecko/20100101 Firefox/56.0 Waterfox/56.3","1.08","2019-11-22 15:36:46"
"107226623","5c8155e49b87bc00171c4d6e","RetrieveAndCompare","Windows - Chrome 78.0.3904.97 78 Netscape Mozilla/5.0 (Windows NT 10.0; Win64; x64) AppleWebKit/537.36 (KHTML, like Gecko) Chrome/78.0.3904.97 Safari/537.36 OPR/65.0.3467.48","1.08","2019-11-22 15:36:48"
"7808442231","5d31787d8b15230019348a5c","RetrieveAndCompare","MacOS - Chrome 78.0.3904.108 78 Netscape Mozilla/5.0 (Macintosh; Intel Mac OS X 10_13_6) AppleWebKit/537.36 (KHTML, like Gecko) Chrome/78.0.3904.108 Safari/537.36","1.08","2019-11-22 15:36:51"
"2781528453","5d533017ce733c00199e60f9","RetrieveAndCompare","MacOS - Safari 13.0.1 13 Netscape Mozilla/5.0 (iPhone; CPU iPhone OS 13_1_3 like Mac OS X) AppleWebKit/605.1.15 (KHTML, like Gecko) Version/13.0.1 Mobile/15E148 Safari/604.1","1.09","2019-11-22 15:36:57"
"9151221826","5d5ae0ab55d247001927929d","RetrieveAndCompare","MacOS - Safari 12.0 12 Netscape Mozilla/5.0 (iPad; CPU OS 12_1 like Mac OS X) AppleWebKit/605.1.15 (KHTML, like Gecko) Version/12.0 Mobile/15E148 Safari/604.1","1.08","2019-11-22 15:37:04"
"7327640563","5c88f5fc62c53d0001eea010","RetrieveAndCompare","Windows - Chrome 78.0.3904.108 78 Netscape Mozilla/5.0 (Windows NT 6.3; Win64; x64) AppleWebKit/537.36 (KHTML, like Gecko) Chrome/78.0.3904.108 Safari/537.36","1.09","2019-11-22 15:37:05"
"3203386323","5d6658e687d5d800014a78f8","RetrieveAndCompare","Windows - Firefox 70.0 70 Netscape Mozilla/5.0 (Windows NT 6.1; Win64; x64; rv:70.0) Gecko/20100101 Firefox/70.0","1.09","2019-11-22 15:37:09"
"6528988416","5992b97bf9db7d0001895522","RetrieveAndCompare","MacOS - Safari 13.0.3 13 Netscape Mozilla/5.0 (Macintosh; Intel Mac OS X 10_13_6) AppleWebKit/605.1.15 (KHTML, like Gecko) Version/13.0.3 Safari/605.1.15","1.08","2019-11-22 15:37:11"
"8717771983","5da84570245a300016a5d160","RetrieveAndCompare","MacOS - Safari 13.0.3 13 Netscape Mozilla/5.0 (Macintosh; Intel Mac OS X 10_15_1) AppleWebKit/605.1.15 (KHTML, like Gecko) Version/13.0.3 Safari/605.1.15","1.08","2019-11-22 15:37:14"
"7309789203","5d418fed1cad4d00015e2d1b","RetrieveAndCompare","Windows - Firefox 70.0 70 Netscape Mozilla/5.0 (Windows NT 6.3; Win64; x64; rv:70.0) Gecko/20100101 Firefox/70.0","1.08","2019-11-22 15:37:31"
"5584377246","5cf4efcc83416100017ce8cc","RetrieveAndCompare","Windows - Chrome 78.0.3904.108 78 Netscape Mozilla/5.0 (Windows NT 10.0; Win64; x64) AppleWebKit/537.36 (KHTML, like Gecko) Chrome/78.0.3904.108 Safari/537.36","1.08","2019-11-22 15:37:52"
"6718164875","5d16042ac1bb980017061497","RetrieveAndCompare","Windows - Chrome 78.0.3904.108 78 Netscape Mozilla/5.0 (Windows NT 10.0; Win64; x64) AppleWebKit/537.36 (KHTML, like Gecko) Chrome/78.0.3904.108 Safari/537.36","1.09","2019-11-22 15:37:53"
"2439133310","5b1e7a55c813a60001480313","RetrieveAndCompare","Windows - Chrome 78.0.3904.108 78 Netscape Mozilla/5.0 (Windows NT 10.0; Win64; x64) AppleWebKit/537.36 (KHTML, like Gecko) Chrome/78.0.3904.108 Safari/537.36","1.08","2019-11-22 15:38:05"
"777812866","5dc16474a0910f0cd0b882f1","RetrieveAndCompare","MacOS - Safari 13.0.1 13 Netscape Mozilla/5.0 (iPhone; CPU iPhone OS 13_1_3 like Mac OS X) AppleWebKit/605.1.15 (KHTML, like Gecko) Version/13.0.1 Mobile/15E148 Safari/604.1","1.08","2019-11-22 15:38:12"
"3199254034","55f1ca7532af7400121700cc","RetrieveAndCompare","Windows - Chrome 78.0.3904.108 78 Netscape Mozilla/5.0 (Windows NT 10.0; Win64; x64) AppleWebKit/537.36 (KHTML, like Gecko) Chrome/78.0.3904.108 Safari/537.36","1.09","2019-11-22 15:38:14"
"9562679517","5c6d60a581e1d50001627386","RetrieveAndCompare","Windows - Chrome 78.0.3904.108 78 Netscape Mozilla/5.0 (Windows NT 10.0; Win64; x64) AppleWebKit/537.36 (KHTML, like Gecko) Chrome/78.0.3904.108 Safari/537.36","1.09","2019-11-22 15:38:14"
"8197618914","5ce43a70aade7100152e6e77","RetrieveAndCompare","MacOS - Safari 13.0.1 13 Netscape Mozilla/5.0 (Macintosh; Intel Mac OS X 10_15) AppleWebKit/605.1.15 (KHTML, like Gecko) Version/13.0.1 Safari/605.1.15","1.09","2019-11-22 15:38:23"
"1015899435","5d3e4ca693eb2d0019788d3c","RetrieveAndCompare","Windows - Chrome 77.0.3865.120 77 Netscape Mozilla/5.0 (Windows NT 6.1; Win64; x64) AppleWebKit/537.36 (KHTML, like Gecko) Chrome/77.0.3865.120 Safari/537.36 OPR/64.0.3417.92","1.09","2019-11-22 15:38:32"
"7986889810","5d133ffea271e40001743572","RetrieveAndCompare","Linux - Chrome 71.0.3578.99 71 Netscape Mozilla/5.0 (Linux; Android 8.0.0; SAMSUNG SM-A520F) AppleWebKit/537.36 (KHTML, like Gecko) SamsungBrowser/10.1 Chrome/71.0.3578.99 Mobile Safari/537.36","1.09","2019-11-22 15:38:38"
"9282153855","5cd07ef2657e3000179458a7","RetrieveAndCompare","Linux - Chrome 78.0.3904.96 78 Netscape Mozilla/5.0 (Linux; Android 8.1.0; DUB-LX1) AppleWebKit/537.36 (KHTML, like Gecko) Chrome/78.0.3904.96 Mobile Safari/537.36","1.08","2019-11-22 15:38:38"
"240412739","5ce6bba9be17f90016c35513","RetrieveAndCompare","Linux - Chrome 76.0.3809.111 76 Netscape Mozilla/5.0 (Linux; Android 5.1.1; HUAWEI Y560-L01) AppleWebKit/537.36 (KHTML, like Gecko) Chrome/76.0.3809.111 Mobile Safari/537.36","1.08","2019-11-22 15:38:39"
"1347554112","5da8ad3c47b9d20015a2e50d","RetrieveAndCompare","Windows - Chrome 78.0.3904.108 78 Netscape Mozilla/5.0 (Windows NT 10.0; Win64; x64) AppleWebKit/537.36 (KHTML, like Gecko) Chrome/78.0.3904.108 Safari/537.36","1.09","2019-11-22 15:38:43"
"9878810937","5a6874b813898300014b92c4","RetrieveAndCompare","MacOS - Safari 12.1.2 12 Netscape Mozilla/5.0 (iPad; CPU OS 12_4_3 like Mac OS X) AppleWebKit/605.1.15 (KHTML, like Gecko) Version/12.1.2 Mobile/15E148 Safari/604.1","1.08","2019-11-22 15:38:44"
"3960774710","5dd7c8d5ce1ce676b9991e49","RetrieveAndCompare","Windows - Chrome 78.0.3904.108 78 Netscape Mozilla/5.0 (Windows NT 10.0; Win64; x64) AppleWebKit/537.36 (KHTML, like Gecko) Chrome/78.0.3904.108 Safari/537.36","1.1","2019-11-22 15:38:46"
"3279414582","5c6c65f096e5aa000163e34f","RetrieveAndCompare","MacOS - Safari 12.1.1 12 Netscape Mozilla/5.0 (Macintosh; Intel Mac OS X 10_14_5) AppleWebKit/605.1.15 (KHTML, like Gecko) Version/12.1.1 Safari/605.1.15","1.09","2019-11-22 15:38:48"
"6841577798","5ce14685c07328001a4c088c","RetrieveAndCompare","Linux - Chrome 78.0.3904.70 78 Netscape Mozilla/5.0 (X11; Linux x86_64) AppleWebKit/537.36 (KHTML, like Gecko) Chrome/78.0.3904.70 Safari/537.36","1.09","2019-11-22 15:39:05"
"2635557376","5dc85415ae3b3b5bb3d59bd0","RetrieveAndCompare","Linux - Chrome 78.0.3904.70 78 Netscape Mozilla/5.0 (X11; Linux x86_64) AppleWebKit/537.36 (KHTML, like Gecko) Ubuntu Chromium/78.0.3904.70 Chrome/78.0.3904.70 Safari/537.36","1.09","2019-11-22 15:39:10"
"9539797135","5cce493d2f210d0018c346f5","RetrieveAndCompare","Linux - Chrome 78.0.3904.108 78 Netscape Mozilla/5.0 (Linux; Android 9; SM-G970F) AppleWebKit/537.36 (KHTML, like Gecko) Chrome/78.0.3904.108 Mobile Safari/537.36","1.08","2019-11-22 15:39:18"
"5572975078","5c14d8f7e6eb4e0001b36fa4","RetrieveAndCompare","Windows - Chrome 78.0.3904.108 78 Netscape Mozilla/5.0 (Windows NT 10.0; Win64; x64) AppleWebKit/537.36 (KHTML, like Gecko) Chrome/78.0.3904.108 Safari/537.36","1.07","2019-11-22 15:39:24"
"2753474212","5ca3a75e0ae89f0001ab90f4","RetrieveAndCompare","Linux - Chrome 78.0.3904.108 78 Netscape Mozilla/5.0 (Linux; Android 9; SM-G965U) AppleWebKit/537.36 (KHTML, like Gecko) Chrome/78.0.3904.108 Mobile Safari/537.36","1.09","2019-11-22 15:39:37"
"9977205690","5d3f2f2cad8086000151f6bf","RetrieveAndCompare","Windows - Chrome 76.0.3809.132 76 Netscape Mozilla/5.0 (Windows NT 10.0; Win64; x64) AppleWebKit/537.36 (KHTML, like Gecko) Chrome/76.0.3809.132 Safari/537.36 OPR/63.0.3368.58152","1.09","2019-11-22 15:39:37"
"6049056249","5cc9bad1a46b3500196cfd1b","RetrieveAndCompare","MacOS - Safari 13.0.3 13 Netscape Mozilla/5.0 (iPhone; CPU iPhone OS 13_2_2 like Mac OS X) AppleWebKit/605.1.15 (KHTML, like Gecko) Version/13.0.3 Mobile/15E148 Safari/604.1","1.09","2019-11-22 15:39:38"
"1771380314","5d9de57969768000156979a1","RetrieveAndCompare","MacOS - Safari 13.0.2 13 Netscape Mozilla/5.0 (Macintosh; Intel Mac OS X 10_15) AppleWebKit/605.1.15 (KHTML, like Gecko) Version/13.0.2 Safari/605.1.15","1.08","2019-11-22 15:39:40"
"6810371132","5da076e9c8d3b80019947c81","RetrieveAndCompare","Windows - Chrome 78.0.3904.108 78 Netscape Mozilla/5.0 (Windows NT 10.0; Win64; x64) AppleWebKit/537.36 (KHTML, like Gecko) Chrome/78.0.3904.108 Safari/537.36","1.08","2019-11-22 15:39:52"
"261692622","5c93df6d17c3e400178b2c7a","RetrieveAndCompare","MacOS - Safari 12.1.2 12 Netscape Mozilla/5.0 (iPhone; CPU iPhone OS 12_4_1 like Mac OS X) AppleWebKit/605.1.15 (KHTML, like Gecko) Version/12.1.2 Mobile/15E148 Safari/604.1","1.09","2019-11-22 15:39:53"
"3470060400","5c7c117c39f0e10001bcc711","RetrieveAndCompare","Linux - Chrome 77.0.3865.92 77 Netscape Mozilla/5.0 (Linux; Android 7.0; HUAWEI VNS-L31) AppleWebKit/537.36 (KHTML, like Gecko) Chrome/77.0.3865.92 Mobile Safari/537.36","1.08","2019-11-22 15:39:57"
"8191378091","5be340e647b76f0001bcc624","RetrieveAndCompare","MacOS - Safari 13.0.1 13 Netscape Mozilla/5.0 (iPhone; CPU iPhone OS 13_1_2 like Mac OS X) AppleWebKit/605.1.15 (KHTML, like Gecko) Version/13.0.1 Mobile/15E148 Safari/604.1","1.08","2019-11-22 15:40:02"
"775230185","5c725b606908be0001b47b14","RetrieveAndCompare","MacOS - Safari 605.1 605 Netscape Mozilla/5.0 (iPad; CPU OS 12_4 like Mac OS X) AppleWebKit/605.1.15 (KHTML, like Gecko) CriOS/77.0.3865.103 Mobile/15E148 Safari/605.1","1.07","2019-11-22 15:40:03"
"9719020735","5d754d633e40c60018081e5a","RetrieveAndCompare","Windows - Chrome 78.0.3904.97 78 Netscape Mozilla/5.0 (Windows NT 10.0; Win64; x64) AppleWebKit/537.36 (KHTML, like Gecko) Chrome/78.0.3904.97 Safari/537.36","1.09","2019-11-22 15:40:04"
"3776612188","5dacbdc050ce0a0013f6716e","RetrieveAndCompare","MacOS - Safari 13.0.1 13 Netscape Mozilla/5.0 (iPhone; CPU iPhone OS 13_1_2 like Mac OS X) AppleWebKit/605.1.15 (KHTML, like Gecko) Version/13.0.1 Mobile/15E148 Safari/604.1","1.08","2019-11-22 15:40:06"
"4485613355","5da22d40497c8c00163694a1","RetrieveAndCompare","Linux - Chrome 78.0.3904.96 78 Netscape Mozilla/5.0 (Linux; Android 9; Redmi Note 6 Pro) AppleWebKit/537.36 (KHTML, like Gecko) Chrome/78.0.3904.96 Mobile Safari/537.36","1.09","2019-11-22 15:40:08"
"6047021104","5c1528d4bc35fd00018c4f00","RetrieveAndCompare","MacOS - Safari 12.1.2 12 Netscape Mozilla/5.0 (iPhone; CPU iPhone OS 12_4_2 like Mac OS X) AppleWebKit/605.1.15 (KHTML, like Gecko) Version/12.1.2 Mobile/15E148 Safari/604.1","1.09","2019-11-22 15:40:16"
"8801581661","55e1e437ac274f0005e95a48","RetrieveAndCompare","MacOS - Chrome 78.0.3904.108 78 Netscape Mozilla/5.0 (Macintosh; Intel Mac OS X 10_10_0) AppleWebKit/537.36 (KHTML, like Gecko) Chrome/78.0.3904.108 Safari/537.36","1.08","2019-11-22 15:40:24"
"9271663789","5bf907e118430e0001861b0b","RetrieveAndCompare","Windows - Chrome 78.0.3904.108 78 Netscape Mozilla/5.0 (Windows NT 10.0; Win64; x64) AppleWebKit/537.36 (KHTML, like Gecko) Chrome/78.0.3904.108 Safari/537.36","1.09","2019-11-22 15:40:25"
"6820480117","5a94463b35237b00011249e1","RetrieveAndCompare","UNIX - Chrome 76.0.3809.136 76 Netscape Mozilla/5.0 (X11; CrOS x86_64 12239.92.0) AppleWebKit/537.36 (KHTML, like Gecko) Chrome/76.0.3809.136 Safari/537.36","1.08","2019-11-22 15:40:28"
"8611075408","5cc2e2579402ad0018c3a3c1","RetrieveAndCompare","Windows - Chrome 78.0.3904.108 78 Netscape Mozilla/5.0 (Windows NT 10.0; Win64; x64) AppleWebKit/537.36 (KHTML, like Gecko) Chrome/78.0.3904.108 Safari/537.36","1.08","2019-11-22 15:40:35"
"300990329","5d24cb1417b7100019b5d319","RetrieveAndCompare","Windows - Chrome 78.0.3904.97 78 Netscape Mozilla/5.0 (Windows NT 10.0; Win64; x64) AppleWebKit/537.36 (KHTML, like Gecko) Chrome/78.0.3904.97 Safari/537.36","1.08","2019-11-22 15:40:53"
"1869460873","5ce8ef4c29ed0100014be44a","RetrieveAndCompare","MacOS - Chrome 78.0.3904.108 78 Netscape Mozilla/5.0 (Macintosh; Intel Mac OS X 10_14_6) AppleWebKit/537.36 (KHTML, like Gecko) Chrome/78.0.3904.108 Safari/537.36","1.09","2019-11-22 15:41:21"
"2543302318","5dcebe06c5faa2000d2a28ef","RetrieveAndCompare","Windows - Chrome 78.0.3904.108 78 Netscape Mozilla/5.0 (Windows NT 10.0; Win64; x64) AppleWebKit/537.36 (KHTML, like Gecko) Chrome/78.0.3904.108 Safari/537.36","1.08","2019-11-22 15:41:22"
"5128765780","5dbc4156a9e74e1e5be29ac0","RetrieveAndCompare","Linux - Chrome 78.0.3904.108 78 Netscape Mozilla/5.0 (Linux; Android 9; POCOPHONE F1) AppleWebKit/537.36 (KHTML, like Gecko) Chrome/78.0.3904.108 Mobile Safari/537.36","1.09","2019-11-22 15:42:01"
"5383854353","576fc3462984e70001a97fc3","RetrieveAndCompare","MacOS - Chrome 76.0.3809.87 76 Netscape Mozilla/5.0 (Macintosh; Intel Mac OS X 10_14_6) AppleWebKit/537.36 (KHTML, like Gecko) Chrome/76.0.3809.87 Safari/537.36","1.09","2019-11-22 15:42:25"
"7801892535","5c43688744928100016ec085","RetrieveAndCompare","Linux - Chrome 77.0.3865.92 77 Netscape Mozilla/5.0 (Linux; Android 9; VOG-L29) AppleWebKit/537.36 (KHTML, like Gecko) Chrome/77.0.3865.92 Mobile Safari/537.36","1.08","2019-11-22 15:42:50"
"7388903031","5ba863a346de410001ecfb2a","RetrieveAndCompare","Windows - Chrome 78.0.3904.108 78 Netscape Mozilla/5.0 (Windows NT 10.0; Win64; x64) AppleWebKit/537.36 (KHTML, like Gecko) Chrome/78.0.3904.108 Safari/537.36","1.08","2019-11-22 15:42:51"
"578508554","5cff2e1decc4ee0018d200e8","RetrieveAndCompare","Windows - Chrome 78.0.3904.108 78 Netscape Mozilla/5.0 (Windows NT 10.0; Win64; x64) AppleWebKit/537.36 (KHTML, like Gecko) Chrome/78.0.3904.108 Safari/537.36","1.09","2019-11-22 15:44:21"
"3619350658","5d40706844220d00191363da","RetrieveAndCompare","Linux - Chrome 78.0.3904.96 78 Netscape Mozilla/5.0 (Linux; Android 9; Redmi Note 6 Pro) AppleWebKit/537.36 (KHTML, like Gecko) Chrome/78.0.3904.96 Mobile Safari/537.36","1.09","2019-11-22 15:44:40"
"5666975559","5c47188c51c26300012cbd38","RetrieveAndCompare","MacOS - Safari 12.0.3 12 Netscape Mozilla/5.0 (Macintosh; Intel Mac OS X 10_14_3) AppleWebKit/605.1.15 (KHTML, like Gecko) Version/12.0.3 Safari/605.1.15","1.08","2019-11-22 15:45:33"
"3074826417","5ccc3dd7a758ba00133c0763","RetrieveAndCompare","Windows - Chrome 78.0.3904.108 78 Netscape Mozilla/5.0 (Windows NT 10.0; Win64; x64) AppleWebKit/537.36 (KHTML, like Gecko) Chrome/78.0.3904.108 Safari/537.36","1.08","2019-11-22 15:45:51"
"6951035408","5d11e8d591273300158beddd","RetrieveAndCompare","Windows - Firefox 70.0 70 Netscape Mozilla/5.0 (Windows NT 10.0; Win64; x64; rv:70.0) Gecko/20100101 Firefox/70.0","1.09","2019-11-22 15:49:10"
"5372657539","5d3f10e626d3fe0018148dcf","RetrieveAndCompare","Linux - Chrome 78.0.3904.96 78 Netscape Mozilla/5.0 (Linux; Android 5.1.1; SM-J320FN) AppleWebKit/537.36 (KHTML, like Gecko) Chrome/78.0.3904.96 Mobile Safari/537.36","1.07","2019-11-22 15:50:02"
"8337296857","59dbe3522f63d30001c8f22f","RetrieveAndCompare","Linux - Chrome 78.0.3904.108 78 Netscape Mozilla/5.0 (Linux; Android 7.0; BAH-W09) AppleWebKit/537.36 (KHTML, like Gecko) Chrome/78.0.3904.108 Safari/537.36","1.08","2019-11-22 15:53:31"
"2912457949","5d754d633e40c60018081e5a","RetrieveAndCompare","Windows - Chrome 78.0.3904.97 78 Netscape Mozilla/5.0 (Windows NT 10.0; Win64; x64) AppleWebKit/537.36 (KHTML, like Gecko) Chrome/78.0.3904.97 Safari/537.36","1.09","2019-11-22 15:54:26"
"4035293299","5751d7ab330ae900070385c2","RetrieveAndCompare","Windows - Chrome 78.0.3904.97 78 Netscape Mozilla/5.0 (Windows NT 6.3; Win64; x64) AppleWebKit/537.36 (KHTML, like Gecko) Chrome/78.0.3904.97 Safari/537.36","1.09","2019-11-22 15:54:59"
"4623426587","5dacbdc050ce0a0013f6716e","RetrieveAndCompare","MacOS - Safari 13.0.1 13 Netscape Mozilla/5.0 (iPhone; CPU iPhone OS 13_1_2 like Mac OS X) AppleWebKit/605.1.15 (KHTML, like Gecko) Version/13.0.1 Mobile/15E148 Safari/604.1","1.07","2019-11-22 15:55:39"
"1783780550","5bf695616c445d0001aea803","RetrieveAndCompare","Windows - Chrome 78.0.3904.108 78 Netscape Mozilla/5.0 (Windows NT 10.0; Win64; x64) AppleWebKit/537.36 (KHTML, like Gecko) Chrome/78.0.3904.108 Safari/537.36","1.08","2019-11-22 15:56:05"
"9369701449","5dacbdc050ce0a0013f6716e","RetrieveAndCompare","MacOS - Safari 13.0.1 13 Netscape Mozilla/5.0 (iPhone; CPU iPhone OS 13_1_2 like Mac OS X) AppleWebKit/605.1.15 (KHTML, like Gecko) Version/13.0.1 Mobile/15E148 Safari/604.1","1.08","2019-11-22 15:56:32"
"4116245001","5c81b804b5bfcb00015aee82","RetrieveAndCompare","Windows - Chrome 78.0.3904.97 78 Netscape Mozilla/5.0 (Windows NT 10.0; Win64; x64) AppleWebKit/537.36 (KHTML, like Gecko) Chrome/78.0.3904.97 Safari/537.36","1.09","2019-11-22 16:07:31"
"6291098157","5ce6bba9be17f90016c35513","RetrieveAndCompare","Linux - Chrome 76.0.3809.111 76 Netscape Mozilla/5.0 (Linux; Android 5.1.1; HUAWEI Y560-L01) AppleWebKit/537.36 (KHTML, like Gecko) Chrome/76.0.3809.111 Mobile Safari/537.36","1.08","2019-11-22 16:10:49"
"7623220371","5ce6bba9be17f90016c35513","RetrieveAndCompare","Linux - Chrome 76.0.3809.111 76 Netscape Mozilla/5.0 (Linux; Android 5.1.1; HUAWEI Y560-L01) AppleWebKit/537.36 (KHTML, like Gecko) Chrome/76.0.3809.111 Mobile Safari/537.36","1.08","2019-11-22 16:11:23"
"6731022753","5cdf3e46bb4ac30001597901","RetrieveAndCompare","Windows - Chrome 78.0.3904.97 78 Netscape Mozilla/5.0 (Windows NT 10.0; Win64; x64) AppleWebKit/537.36 (KHTML, like Gecko) Chrome/78.0.3904.97 Safari/537.36","1.09","2019-11-22 16:13:29"
"2155635210","5d8270af4104eb001941224c","RetrieveAndCompare","Linux - Chrome 70.0.3538.110 70 Netscape Mozilla/5.0 (Linux; Android 8.1.0; LG-Q710AL) AppleWebKit/537.36 (KHTML, like Gecko) Chrome/70.0.3538.110 Mobile Safari/537.36","1.08","2019-11-22 16:17:49"
"6908257316","5d55548417edfb00175baa8c","RetrieveAndCompare","Windows - Chrome 78.0.3904.97 78 Netscape Mozilla/5.0 (Windows NT 10.0; Win64; x64) AppleWebKit/537.36 (KHTML, like Gecko) Chrome/78.0.3904.97 Safari/537.36","1.09","2019-11-22 16:28:59"
"2677868939","5c7e7d92274125000179f2f0","RetrieveAndCompare","MacOS - Firefox 70.0 70 Netscape Mozilla/5.0 (Macintosh; Intel Mac OS X 10.12; rv:70.0) Gecko/20100101 Firefox/70.0","1.09","2019-11-22 16:32:30"
"3708271156","5ce6bba9be17f90016c35513","RetrieveAndCompare","Linux - Chrome 76.0.3809.111 76 Netscape Mozilla/5.0 (Linux; Android 5.1.1; HUAWEI Y560-L01) AppleWebKit/537.36 (KHTML, like Gecko) Chrome/76.0.3809.111 Mobile Safari/537.36","1.08","2019-11-22 16:33:05"
"7394137780","5afd421f7d6f3a000197443b","RetrieveAndCompare","Linux - Chrome 71.0.3578.99 71 Netscape Mozilla/5.0 (Linux; Android 9; SAMSUNG SM-G973F) AppleWebKit/537.36 (KHTML, like Gecko) SamsungBrowser/10.1 Chrome/71.0.3578.99 Mobile Safari/537.36","1.08","2019-11-22 16:55:05"
"6044774761","5ba863a346de410001ecfb2a","RetrieveAndCompare","Windows - Chrome 78.0.3904.108 78 Netscape Mozilla/5.0 (Windows NT 10.0; Win64; x64) AppleWebKit/537.36 (KHTML, like Gecko) Chrome/78.0.3904.108 Safari/537.36","1.08","2019-11-22 17:42:59"
"9826461572","5d02c129d6f73f0019188942","RetrieveAndCompare","Windows - Chrome 78.0.3904.108 78 Netscape Mozilla/5.0 (Windows NT 10.0; Win64; x64) AppleWebKit/537.36 (KHTML, like Gecko) Chrome/78.0.3904.108 Safari/537.36","1.09","2019-11-22 17:46:13"
"5588470770","5db2d2d3382f4400093b0b98","RetrieveAndCompare","Windows - Chrome 76.0.3809.132 76 Netscape Mozilla/5.0 (Windows NT 10.0; Win64; x64) AppleWebKit/537.36 (KHTML, like Gecko) Chrome/76.0.3809.132 Safari/537.36 OPR/63.0.3368.58152","1.08","2019-11-22 18:01:26"
"5011453717","5d5106b390d5460001e2ca28","RetrieveAndCompare","Windows - Chrome 78.0.3904.87 78 Netscape Mozilla/5.0 (Windows NT 10.0; Win64; x64) AppleWebKit/537.36 (KHTML, like Gecko) Chrome/78.0.3904.87 Safari/537.36","1.08","2019-11-22 18:01:35"
"5405165472","5ca4d070d78dde00166203b2","RetrieveAndCompare","Windows - Chrome 78.0.3904.97 78 Netscape Mozilla/5.0 (Windows NT 10.0; Win64; x64) AppleWebKit/537.36 (KHTML, like Gecko) Chrome/78.0.3904.97 Safari/537.36","1.09","2019-11-22 18:01:41"
"2144241069","5d17b6f2c9ee35001a76a33b","RetrieveAndCompare","Windows - Chrome 78.0.3904.97 78 Netscape Mozilla/5.0 (Windows NT 6.3; Win64; x64) AppleWebKit/537.36 (KHTML, like Gecko) Chrome/78.0.3904.97 Safari/537.36","1.08","2019-11-22 18:01:56"
"444654289","5c1a9424a329230001ecaabd","RetrieveAndCompare","Windows - Firefox 70.0 70 Netscape Mozilla/5.0 (Windows NT 10.0; Win64; x64; rv:70.0) Gecko/20100101 Firefox/70.0","1.08","2019-11-22 18:04:15"
"9511013986","5db2d2d3382f4400093b0b98","RetrieveAndCompare","Windows - Chrome 76.0.3809.132 76 Netscape Mozilla/5.0 (Windows NT 10.0; Win64; x64) AppleWebKit/537.36 (KHTML, like Gecko) Chrome/76.0.3809.132 Safari/537.36 OPR/63.0.3368.58152","1.08","2019-11-22 18:07:32"
"265617375","5da03c3607c83700140a3d8f","RetrieveAndCompare","Windows - Chrome 78.0.3904.108 78 Netscape Mozilla/5.0 (Windows NT 6.3; Win64; x64) AppleWebKit/537.36 (KHTML, like Gecko) Chrome/78.0.3904.108 Safari/537.36","1.09","2019-11-22 18:08:57"
"3235507122","5c6167386fabd400010977be","RetrieveAndCompare","Windows - Firefox 70.0 70 Netscape Mozilla/5.0 (Windows NT 10.0; Win64; x64; rv:70.0) Gecko/20100101 Firefox/70.0","1.08","2019-11-22 18:45:20"
"8521713127","58b20a24c352cc0001ed554b","RetrieveAndCompare","MacOS - Safari 12.0.2 12 Netscape Mozilla/5.0 (Macintosh; Intel Mac OS X 10_14_2) AppleWebKit/605.1.15 (KHTML, like Gecko) Version/12.0.2 Safari/605.1.15","1.07","2019-11-22 18:59:07"
